ponto_id,rota_id,ordem_ponto,ponto_ts,hub_origem_id,hub_destino_id,hub_proximo_id,modo_transporte,operadora,latitude,longitude,distancia_acumulada_km,status_rota
RTA-SP-01-RJ-01-CAM-P01,RTA-SP-01-RJ-01-CAM,1,2026-08-12T06:00:00,HUB-SP-01,HUB-RJ-01,HUB-SP-01,Caminhão,Atlântica Cargo,-23.4542,-46.5333,0.0,Ativa
RTA-SP-01-RJ-01-CAM-P02,RTA-SP-01-RJ-01-CAM,2,2026-08-12T07:32:08,HUB-SP-01,HUB-RJ-01,HUB-SP-01,Caminhão,Atlântica Cargo,-23.410259,-46.047662,61.4,Ativa
RTA-SP-01-RJ-01-CAM-P03,RTA-SP-01-RJ-01-CAM,3,2026-08-12T09:04:17,HUB-SP-01,HUB-RJ-01,HUB-SP-01,Caminhão,Atlântica Cargo,-23.359533,-45.56313,122.9,Ativa
RTA-SP-01-RJ-01-CAM-P04,RTA-SP-01-RJ-01-CAM,4,2026-08-12T10:36:25,HUB-SP-01,HUB-RJ-01,HUB-SP-01,Caminhão,Atlântica Cargo,-23.29658,-45.080589,184.3,Ativa
RTA-SP-01-RJ-01-CAM-P05,RTA-SP-01-RJ-01-CAM,5,2026-08-12T12:08:34,HUB-SP-01,HUB-RJ-01,HUB-RJ-01,Caminhão,Atlântica Cargo,-23.21838,-44.600532,245.7,Ativa
RTA-SP-01-RJ-01-CAM-P06,RTA-SP-01-RJ-01-CAM,6,2026-08-12T13:40:42,HUB-SP-01,HUB-RJ-01,HUB-RJ-01,Caminhão,Atlântica Cargo,-23.124933,-44.122958,307.1,Ativa
RTA-SP-01-RJ-01-CAM-P07,RTA-SP-01-RJ-01-CAM,7,2026-08-12T15:12:51,HUB-SP-01,HUB-RJ-01,HUB-RJ-01,Caminhão,Atlântica Cargo,-23.019259,-43.647376,368.6,Ativa
RTA-SP-01-RJ-01-CAM-P08,RTA-SP-01-RJ-01-CAM,8,2026-08-12T16:45:00,HUB-SP-01,HUB-RJ-01,HUB-RJ-01,Caminhão,Atlântica Cargo,-22.9068,-43.1729,430.0,Ativa
RTA-SP-01-MG-01-CAM-P01,RTA-SP-01-MG-01-CAM,1,2026-08-12T06:00:00,HUB-SP-01,HUB-MG-01,HUB-SP-01,Caminhão,SerraSul Cargas,-23.4542,-46.5333,0.0,Ativa
RTA-SP-01-MG-01-CAM-P02,RTA-SP-01-MG-01-CAM,2,2026-08-12T08:04:17,HUB-SP-01,HUB-MG-01,HUB-SP-01,Caminhão,SerraSul Cargas,-22.969393,-46.134069,82.9,Ativa
RTA-SP-01-MG-01-CAM-P03,RTA-SP-01-MG-01-CAM,3,2026-08-12T10:08:34,HUB-SP-01,HUB-MG-01,HUB-SP-01,Caminhão,SerraSul Cargas,-22.480516,-45.740379,165.7,Ativa
RTA-SP-01-MG-01-CAM-P04,RTA-SP-01-MG-01-CAM,4,2026-08-12T12:12:51,HUB-SP-01,HUB-MG-01,HUB-SP-01,Caminhão,SerraSul Cargas,-21.984305,-45.356673,248.6,Ativa
RTA-SP-01-MG-01-CAM-P05,RTA-SP-01-MG-01-CAM,5,2026-08-12T14:17:08,HUB-SP-01,HUB-MG-01,HUB-MG-01,Caminhão,SerraSul Cargas,-21.478948,-44.985416,331.4,Ativa
RTA-SP-01-MG-01-CAM-P06,RTA-SP-01-MG-01-CAM,6,2026-08-12T16:21:25,HUB-SP-01,HUB-MG-01,HUB-MG-01,Caminhão,SerraSul Cargas,-20.964445,-44.626608,414.3,Ativa
RTA-SP-01-MG-01-CAM-P07,RTA-SP-01-MG-01-CAM,7,2026-08-12T18:25:42,HUB-SP-01,HUB-MG-01,HUB-MG-01,Caminhão,SerraSul Cargas,-20.442608,-44.277784,497.1,Ativa
RTA-SP-01-MG-01-CAM-P08,RTA-SP-01-MG-01-CAM,8,2026-08-12T20:30:00,HUB-SP-01,HUB-MG-01,HUB-MG-01,Caminhão,SerraSul Cargas,-19.9167,-43.9345,580.0,Ativa
RTA-SP-02-PE-01-CAB-P01,RTA-SP-02-PE-01-CAB,1,2026-08-12T06:00:00,HUB-SP-02,HUB-PE-01,HUB-SP-02,Cabotagem,VerdeMar Shipping,-23.9608,-46.3336,0.0,Ativa
RTA-SP-02-PE-01-CAB-P02,RTA-SP-02-PE-01-CAB,2,2026-08-12T19:26:40,HUB-SP-02,HUB-PE-01,HUB-SP-02,Cabotagem,VerdeMar Shipping,-22.247464,-45.049243,244.4,Ativa
RTA-SP-02-PE-01-CAB-P03,RTA-SP-02-PE-01-CAB,3,2026-08-13T08:53:20,HUB-SP-02,HUB-PE-01,HUB-SP-02,Cabotagem,VerdeMar Shipping,-20.532182,-43.767552,488.9,Ativa
RTA-SP-02-PE-01-CAB-P04,RTA-SP-02-PE-01-CAB,4,2026-08-13T22:20:00,HUB-SP-02,HUB-PE-01,HUB-SP-02,Cabotagem,VerdeMar Shipping,-18.813244,-42.490871,733.3,Ativa
RTA-SP-02-PE-01-CAB-P05,RTA-SP-02-PE-01-CAB,5,2026-08-14T11:46:40,HUB-SP-02,HUB-PE-01,HUB-SP-02,Cabotagem,VerdeMar Shipping,-17.08938,-41.22094,977.8,Ativa
RTA-SP-02-PE-01-CAB-P06,RTA-SP-02-PE-01-CAB,6,2026-08-15T01:13:20,HUB-SP-02,HUB-PE-01,HUB-PE-01,Cabotagem,VerdeMar Shipping,-15.359913,-39.958684,1222.2,Ativa
RTA-SP-02-PE-01-CAB-P07,RTA-SP-02-PE-01-CAB,7,2026-08-15T14:40:00,HUB-SP-02,HUB-PE-01,HUB-PE-01,Cabotagem,VerdeMar Shipping,-13.624844,-38.704105,1466.7,Ativa
RTA-SP-02-PE-01-CAB-P08,RTA-SP-02-PE-01-CAB,8,2026-08-16T04:06:40,HUB-SP-02,HUB-PE-01,HUB-PE-01,Cabotagem,VerdeMar Shipping,-11.884849,-37.456274,1711.1,Ativa
RTA-SP-02-PE-01-CAB-P09,RTA-SP-02-PE-01-CAB,9,2026-08-16T17:33:20,HUB-SP-02,HUB-PE-01,HUB-PE-01,Cabotagem,VerdeMar Shipping,-10.141197,-36.213454,1955.6,Ativa
RTA-SP-02-PE-01-CAB-P10,RTA-SP-02-PE-01-CAB,10,2026-08-17T07:00:00,HUB-SP-02,HUB-PE-01,HUB-PE-01,Cabotagem,VerdeMar Shipping,-8.3956,-34.9733,2200.0,Ativa
RTA-SP-02-RS-01-CAB-P01,RTA-SP-02-RS-01-CAB,1,2026-08-12T06:00:00,HUB-SP-02,HUB-RS-01,HUB-SP-02,Cabotagem,VerdeMar Shipping,-23.9608,-46.3336,0.0,Ativa
RTA-SP-02-RS-01-CAB-P02,RTA-SP-02-RS-01-CAB,2,2026-08-12T12:43:20,HUB-SP-02,HUB-RS-01,HUB-SP-02,Cabotagem,VerdeMar Shipping,-24.842034,-46.996424,122.2,Ativa
RTA-SP-02-RS-01-CAB-P03,RTA-SP-02-RS-01-CAB,3,2026-08-12T19:26:40,HUB-SP-02,HUB-RS-01,HUB-SP-02,Cabotagem,VerdeMar Shipping,-25.725185,-47.656561,244.4,Ativa
RTA-SP-02-RS-01-CAB-P04,RTA-SP-02-RS-01-CAB,4,2026-08-13T02:10:00,HUB-SP-02,HUB-RS-01,HUB-SP-02,Cabotagem,VerdeMar Shipping,-26.611941,-48.311651,366.7,Ativa
RTA-SP-02-RS-01-CAB-P05,RTA-SP-02-RS-01-CAB,5,2026-08-13T08:53:20,HUB-SP-02,HUB-RS-01,HUB-SP-02,Cabotagem,VerdeMar Shipping,-27.503553,-48.95994,488.9,Ativa
RTA-SP-02-RS-01-CAB-P06,RTA-SP-02-RS-01-CAB,6,2026-08-13T15:36:40,HUB-SP-02,HUB-RS-01,HUB-RS-01,Cabotagem,VerdeMar Shipping,-28.400686,-49.600496,611.1,Ativa
RTA-SP-02-RS-01-CAB-P07,RTA-SP-02-RS-01-CAB,7,2026-08-13T22:20:00,HUB-SP-02,HUB-RS-01,HUB-RS-01,Cabotagem,VerdeMar Shipping,-29.303341,-50.233318,733.3,Ativa
RTA-SP-02-RS-01-CAB-P08,RTA-SP-02-RS-01-CAB,8,2026-08-14T05:03:20,HUB-SP-02,HUB-RS-01,HUB-RS-01,Cabotagem,VerdeMar Shipping,-30.210852,-50.859339,855.6,Ativa
RTA-SP-02-RS-01-CAB-P09,RTA-SP-02-RS-01-CAB,9,2026-08-14T11:46:40,HUB-SP-02,HUB-RS-01,HUB-RS-01,Cabotagem,VerdeMar Shipping,-31.121967,-51.480312,977.8,Ativa
RTA-SP-02-RS-01-CAB-P10,RTA-SP-02-RS-01-CAB,10,2026-08-14T18:30:00,HUB-SP-02,HUB-RS-01,HUB-RS-01,Cabotagem,VerdeMar Shipping,-32.035,-52.0986,1100.0,Ativa
RTA-SP-02-AM-01-BAR-P01,RTA-SP-02-AM-01-BAR,1,2026-08-12T06:00:00,HUB-SP-02,HUB-AM-01,HUB-SP-02,Barco,RioNorte Express,-23.9608,-46.3336,0.0,Ativa
RTA-SP-02-AM-01-BAR-P02,RTA-SP-02-AM-01-BAR,2,2026-08-13T00:56:40,HUB-SP-02,HUB-AM-01,HUB-SP-02,Barco,RioNorte Express,-21.611249,-47.803042,344.4,Ativa
RTA-SP-02-AM-01-BAR-P03,RTA-SP-02-AM-01-BAR,3,2026-08-13T19:53:20,HUB-SP-02,HUB-AM-01,HUB-SP-02,Barco,RioNorte Express,-19.265774,-49.27869,688.9,Ativa
RTA-SP-02-AM-01-BAR-P04,RTA-SP-02-AM-01-BAR,4,2026-08-14T14:50:00,HUB-SP-02,HUB-AM-01,HUB-SP-02,Barco,RioNorte Express,-16.92796,-50.766004,1033.3,Ativa
RTA-SP-02-AM-01-BAR-P05,RTA-SP-02-AM-01-BAR,5,2026-08-15T09:46:40,HUB-SP-02,HUB-AM-01,HUB-SP-02,Barco,RioNorte Express,-14.600467,-52.269032,1377.8,Ativa
RTA-SP-02-AM-01-BAR-P06,RTA-SP-02-AM-01-BAR,6,2026-08-16T04:43:20,HUB-SP-02,HUB-AM-01,HUB-AM-01,Barco,RioNorte Express,-12.284711,-53.789932,1722.2,Ativa
RTA-SP-02-AM-01-BAR-P07,RTA-SP-02-AM-01-BAR,7,2026-08-16T23:40:00,HUB-SP-02,HUB-AM-01,HUB-AM-01,Barco,RioNorte Express,-9.980693,-55.328704,2066.7,Ativa
RTA-SP-02-AM-01-BAR-P08,RTA-SP-02-AM-01-BAR,8,2026-08-17T18:36:40,HUB-SP-02,HUB-AM-01,HUB-AM-01,Barco,RioNorte Express,-7.686996,-56.88319,2411.1,Ativa
RTA-SP-02-AM-01-BAR-P09,RTA-SP-02-AM-01-BAR,9,2026-08-18T13:33:20,HUB-SP-02,HUB-AM-01,HUB-AM-01,Barco,RioNorte Express,-5.40096,-58.449342,2755.6,Ativa
RTA-SP-02-AM-01-BAR-P10,RTA-SP-02-AM-01-BAR,10,2026-08-19T08:30:00,HUB-SP-02,HUB-AM-01,HUB-AM-01,Barco,RioNorte Express,-3.119,-60.0217,3100.0,Ativa
RTA-AM-01-PA-01-BAR-P01,RTA-AM-01-PA-01-BAR,1,2026-08-12T06:00:00,HUB-AM-01,HUB-PA-01,HUB-AM-01,Barco,RioNorte Express,-3.119,-60.0217,0.0,Ativa
RTA-AM-01-PA-01-BAR-P02,RTA-AM-01-PA-01-BAR,2,2026-08-12T11:59:20,HUB-AM-01,HUB-PA-01,HUB-AM-01,Barco,RioNorte Express,-2.995133,-58.731634,108.9,Ativa
RTA-AM-01-PA-01-BAR-P03,RTA-AM-01-PA-01-BAR,3,2026-08-12T17:58:40,HUB-AM-01,HUB-PA-01,HUB-AM-01,Barco,RioNorte Express,-2.863917,-57.442628,217.8,Ativa
RTA-AM-01-PA-01-BAR-P04,RTA-AM-01-PA-01-BAR,4,2026-08-12T23:58:00,HUB-AM-01,HUB-PA-01,HUB-AM-01,Barco,RioNorte Express,-2.718888,-56.155614,326.7,Ativa
RTA-AM-01-PA-01-BAR-P05,RTA-AM-01-PA-01-BAR,5,2026-08-13T05:57:20,HUB-AM-01,HUB-PA-01,HUB-AM-01,Barco,RioNorte Express,-2.55525,-54.871284,435.6,Ativa
RTA-AM-01-PA-01-BAR-P06,RTA-AM-01-PA-01-BAR,6,2026-08-13T11:56:40,HUB-AM-01,HUB-PA-01,HUB-PA-01,Barco,RioNorte Express,-2.37045,-53.590006,544.4,Ativa
RTA-AM-01-PA-01-BAR-P07,RTA-AM-01-PA-01-BAR,7,2026-08-13T17:56:00,HUB-AM-01,HUB-PA-01,HUB-PA-01,Barco,RioNorte Express,-2.164488,-52.31178,653.3,Ativa
RTA-AM-01-PA-01-BAR-P08,RTA-AM-01-PA-01-BAR,8,2026-08-13T23:55:20,HUB-AM-01,HUB-PA-01,HUB-PA-01,Barco,RioNorte Express,-1.939917,-51.036239,762.2,Ativa
RTA-AM-01-PA-01-BAR-P09,RTA-AM-01-PA-01-BAR,9,2026-08-14T05:54:40,HUB-AM-01,HUB-PA-01,HUB-PA-01,Barco,RioNorte Express,-1.701533,-49.762689,871.1,Ativa
RTA-AM-01-PA-01-BAR-P10,RTA-AM-01-PA-01-BAR,10,2026-08-14T11:54:00,HUB-AM-01,HUB-PA-01,HUB-PA-01,Barco,RioNorte Express,-1.4558,-48.4902,980.0,Ativa
RTA-PA-01-CE-01-BAL-P01,RTA-PA-01-CE-01-BAL,1,2026-08-12T06:00:00,HUB-PA-01,HUB-CE-01,HUB-PA-01,Balsa,RioNorte Express,-1.4558,-48.4902,0.0,Ativa
RTA-PA-01-CE-01-BAL-P02,RTA-PA-01-CE-01-BAL,2,2026-08-12T15:46:40,HUB-PA-01,HUB-CE-01,HUB-PA-01,Balsa,RioNorte Express,-1.767098,-47.398637,177.8,Ativa
RTA-PA-01-CE-01-BAL-P03,RTA-PA-01-CE-01-BAL,3,2026-08-13T01:33:20,HUB-PA-01,HUB-CE-01,HUB-PA-01,Balsa,RioNorte Express,-2.071156,-46.305428,355.6,Ativa
RTA-PA-01-CE-01-BAL-P04,RTA-PA-01-CE-01-BAL,4,2026-08-13T11:20:00,HUB-PA-01,HUB-CE-01,HUB-PA-01,Balsa,RioNorte Express,-2.361606,-45.209125,533.3,Ativa
RTA-PA-01-CE-01-BAL-P05,RTA-PA-01-CE-01-BAL,5,2026-08-13T21:06:40,HUB-PA-01,HUB-CE-01,HUB-PA-01,Balsa,RioNorte Express,-2.633721,-44.108654,711.1,Ativa
RTA-PA-01-CE-01-BAL-P06,RTA-PA-01-CE-01-BAL,6,2026-08-14T06:53:20,HUB-PA-01,HUB-CE-01,HUB-CE-01,Balsa,RioNorte Express,-2.884988,-43.003442,888.9,Ativa
RTA-PA-01-CE-01-BAL-P07,RTA-PA-01-CE-01-BAL,7,2026-08-14T16:40:00,HUB-PA-01,HUB-CE-01,HUB-CE-01,Balsa,RioNorte Express,-3.115406,-41.893491,1066.7,Ativa
RTA-PA-01-CE-01-BAL-P08,RTA-PA-01-CE-01-BAL,8,2026-08-15T02:26:40,HUB-PA-01,HUB-CE-01,HUB-CE-01,Balsa,RioNorte Express,-3.327489,-40.779372,1244.4,Ativa
RTA-PA-01-CE-01-BAL-P09,RTA-PA-01-CE-01-BAL,9,2026-08-15T12:13:20,HUB-PA-01,HUB-CE-01,HUB-CE-01,Balsa,RioNorte Express,-3.525965,-39.662159,1422.2,Ativa
RTA-PA-01-CE-01-BAL-P10,RTA-PA-01-CE-01-BAL,10,2026-08-15T22:00:00,HUB-PA-01,HUB-CE-01,HUB-CE-01,Balsa,RioNorte Express,-3.7172,-38.5433,1600.0,Ativa
RTA-PR-01-RS-01-FER-P01,RTA-PR-01-RS-01-FER,1,2026-08-12T06:00:00,HUB-PR-01,HUB-RS-01,HUB-PR-01,Ferrovia,SerraSul Cargas,-25.4284,-49.2733,0.0,Ativa
RTA-PR-01-RS-01-FER-P02,RTA-PR-01-RS-01-FER,2,2026-08-12T08:32:08,HUB-PR-01,HUB-RS-01,HUB-PR-01,Ferrovia,SerraSul Cargas,-26.358552,-49.708829,101.4,Ativa
RTA-PR-01-RS-01-FER-P03,RTA-PR-01-RS-01-FER,3,2026-08-12T11:04:17,HUB-PR-01,HUB-RS-01,HUB-PR-01,Ferrovia,SerraSul Cargas,-27.291407,-50.138037,202.9,Ativa
RTA-PR-01-RS-01-FER-P04,RTA-PR-01-RS-01-FER,4,2026-08-12T13:36:25,HUB-PR-01,HUB-RS-01,HUB-PR-01,Ferrovia,SerraSul Cargas,-28.229133,-50.555855,304.3,Ativa
RTA-PR-01-RS-01-FER-P05,RTA-PR-01-RS-01-FER,5,2026-08-12T16:08:34,HUB-PR-01,HUB-RS-01,HUB-RS-01,Ferrovia,SerraSul Cargas,-29.172933,-50.959469,405.7,Ativa
RTA-PR-01-RS-01-FER-P06,RTA-PR-01-RS-01-FER,6,2026-08-12T18:40:42,HUB-PR-01,HUB-RS-01,HUB-RS-01,Ferrovia,SerraSul Cargas,-30.122807,-51.34888,507.1,Ativa
RTA-PR-01-RS-01-FER-P07,RTA-PR-01-RS-01-FER,7,2026-08-12T21:12:51,HUB-PR-01,HUB-RS-01,HUB-RS-01,Ferrovia,SerraSul Cargas,-31.077552,-51.726901,608.6,Ativa
RTA-PR-01-RS-01-FER-P08,RTA-PR-01-RS-01-FER,8,2026-08-12T23:45:00,HUB-PR-01,HUB-RS-01,HUB-RS-01,Ferrovia,SerraSul Cargas,-32.035,-52.0986,710.0,Ativa
RTA-GO-01-SP-01-FER-P01,RTA-GO-01-SP-01-FER,1,2026-08-12T06:00:00,HUB-GO-01,HUB-SP-01,HUB-GO-01,Ferrovia,SerraSul Cargas,-16.3281,-48.9534,0.0,Ativa
RTA-GO-01-SP-01-FER-P02,RTA-GO-01-SP-01-FER,2,2026-08-12T09:10:42,HUB-GO-01,HUB-SP-01,HUB-GO-01,Ferrovia,SerraSul Cargas,-17.357276,-48.640538,127.1,Ativa
RTA-GO-01-SP-01-FER-P03,RTA-GO-01-SP-01-FER,3,2026-08-12T12:21:25,HUB-GO-01,HUB-SP-01,HUB-GO-01,Ferrovia,SerraSul Cargas,-18.384242,-48.321167,254.3,Ativa
RTA-GO-01-SP-01-FER-P04,RTA-GO-01-SP-01-FER,4,2026-08-12T15:32:08,HUB-GO-01,HUB-SP-01,HUB-GO-01,Ferrovia,SerraSul Cargas,-19.407224,-47.990066,381.4,Ativa
RTA-GO-01-SP-01-FER-P05,RTA-GO-01-SP-01-FER,5,2026-08-12T18:42:51,HUB-GO-01,HUB-SP-01,HUB-SP-01,Ferrovia,SerraSul Cargas,-20.425238,-47.644337,508.6,Ativa
RTA-GO-01-SP-01-FER-P06,RTA-GO-01-SP-01-FER,6,2026-08-12T21:53:34,HUB-GO-01,HUB-SP-01,HUB-SP-01,Ferrovia,SerraSul Cargas,-21.438285,-47.283982,635.7,Ativa
RTA-GO-01-SP-01-FER-P07,RTA-GO-01-SP-01-FER,7,2026-08-13T01:04:17,HUB-GO-01,HUB-SP-01,HUB-SP-01,Ferrovia,SerraSul Cargas,-22.447348,-46.911896,762.9,Ativa
RTA-GO-01-SP-01-FER-P08,RTA-GO-01-SP-01-FER,8,2026-08-13T04:15:00,HUB-GO-01,HUB-SP-01,HUB-SP-01,Ferrovia,SerraSul Cargas,-23.4542,-46.5333,890.0,Ativa
RTA-MT-01-SP-02-CAM-P01,RTA-MT-01-SP-02-CAM,1,2026-08-12T06:00:00,HUB-MT-01,HUB-SP-02,HUB-MT-01,Caminhão,SerraSul Cargas,-15.6014,-56.0979,0.0,Ativa
RTA-MT-01-SP-02-CAM-P02,RTA-MT-01-SP-02-CAM,2,2026-08-12T11:45:00,HUB-MT-01,HUB-SP-02,HUB-MT-01,Caminhão,SerraSul Cargas,-16.821968,-54.725574,230.0,Ativa
RTA-MT-01-SP-02-CAM-P03,RTA-MT-01-SP-02-CAM,3,2026-08-12T17:30:00,HUB-MT-01,HUB-SP-02,HUB-MT-01,Caminhão,SerraSul Cargas,-18.037313,-53.348777,460.0,Ativa
RTA-MT-01-SP-02-CAM-P04,RTA-MT-01-SP-02-CAM,4,2026-08-12T23:15:00,HUB-MT-01,HUB-SP-02,HUB-MT-01,Caminhão,SerraSul Cargas,-19.243248,-51.963923,690.0,Ativa
RTA-MT-01-SP-02-CAM-P05,RTA-MT-01-SP-02-CAM,5,2026-08-13T05:00:00,HUB-MT-01,HUB-SP-02,HUB-SP-02,Caminhão,SerraSul Cargas,-20.437448,-50.569023,920.0,Ativa
RTA-MT-01-SP-02-CAM-P06,RTA-MT-01-SP-02-CAM,6,2026-08-13T10:45:00,HUB-MT-01,HUB-SP-02,HUB-SP-02,Caminhão,SerraSul Cargas,-21.619913,-49.164077,1150.0,Ativa
RTA-MT-01-SP-02-CAM-P07,RTA-MT-01-SP-02-CAM,7,2026-08-13T16:30:00,HUB-MT-01,HUB-SP-02,HUB-SP-02,Caminhão,SerraSul Cargas,-22.792968,-47.751074,1380.0,Ativa
RTA-MT-01-SP-02-CAM-P08,RTA-MT-01-SP-02-CAM,8,2026-08-13T22:15:00,HUB-MT-01,HUB-SP-02,HUB-SP-02,Caminhão,SerraSul Cargas,-23.9608,-46.3336,1610.0,Ativa
RTA-DF-01-BA-01-CAM-P01,RTA-DF-01-BA-01-CAM,1,2026-08-12T06:00:00,HUB-DF-01,HUB-BA-01,HUB-DF-01,Caminhão,Atlântica Cargo,-15.7939,-47.8828,0.0,Ativa
RTA-DF-01-BA-01-CAM-P02,RTA-DF-01-BA-01-CAM,2,2026-08-12T11:08:34,HUB-DF-01,HUB-BA-01,HUB-DF-01,Caminhão,Atlântica Cargo,-15.423925,-46.5326,205.7,Ativa
RTA-DF-01-BA-01-CAM-P03,RTA-DF-01-BA-01-CAM,3,2026-08-12T16:17:08,HUB-DF-01,HUB-BA-01,HUB-DF-01,Caminhão,Atlântica Cargo,-15.047366,-45.18438,411.4,Ativa
RTA-DF-01-BA-01-CAM-P04,RTA-DF-01-BA-01-CAM,4,2026-08-12T21:25:42,HUB-DF-01,HUB-BA-01,HUB-DF-01,Caminhão,Atlântica Cargo,-14.658944,-43.83973,617.1,Ativa
RTA-DF-01-BA-01-CAM-P05,RTA-DF-01-BA-01-CAM,5,2026-08-13T02:34:17,HUB-DF-01,HUB-BA-01,HUB-BA-01,Caminhão,Atlântica Cargo,-14.25573,-42.49953,822.9,Ativa
RTA-DF-01-BA-01-CAM-P06,RTA-DF-01-BA-01-CAM,6,2026-08-13T07:42:51,HUB-DF-01,HUB-BA-01,HUB-BA-01,Caminhão,Atlântica Cargo,-13.837723,-41.16378,1028.6,Ativa
RTA-DF-01-BA-01-CAM-P07,RTA-DF-01-BA-01-CAM,7,2026-08-13T12:51:25,HUB-DF-01,HUB-BA-01,HUB-BA-01,Caminhão,Atlântica Cargo,-13.407853,-39.8316,1234.3,Ativa
RTA-DF-01-BA-01-CAM-P08,RTA-DF-01-BA-01-CAM,8,2026-08-13T18:00:00,HUB-DF-01,HUB-BA-01,HUB-BA-01,Caminhão,Atlântica Cargo,-12.9714,-38.5014,1440.0,Ativa
RTA-BA-01-PE-01-CAM-P01,RTA-BA-01-PE-01-CAM,1,2026-08-12T06:00:00,HUB-BA-01,HUB-PE-01,HUB-BA-01,Caminhão,CostaBrava Log,-12.9714,-38.5014,0.0,Ativa
RTA-BA-01-PE-01-CAM-P02,RTA-BA-01-PE-01-CAM,2,2026-08-12T09:00:00,HUB-BA-01,HUB-PE-01,HUB-BA-01,Caminhão,CostaBrava Log,-12.338909,-37.969897,120.0,Ativa
RTA-BA-01-PE-01-CAM-P03,RTA-BA-01-PE-01-CAM,3,2026-08-12T12:00:00,HUB-BA-01,HUB-PE-01,HUB-BA-01,Caminhão,CostaBrava Log,-11.70222,-37.443839,240.0,Ativa
RTA-BA-01-PE-01-CAM-P04,RTA-BA-01-PE-01-CAM,4,2026-08-12T15:00:00,HUB-BA-01,HUB-PE-01,HUB-BA-01,Caminhão,CostaBrava Log,-11.057967,-36.927591,360.0,Ativa
RTA-BA-01-PE-01-CAM-P05,RTA-BA-01-PE-01-CAM,5,2026-08-12T18:00:00,HUB-BA-01,HUB-PE-01,HUB-PE-01,Caminhão,CostaBrava Log,-10.404281,-36.423577,480.0,Ativa
RTA-BA-01-PE-01-CAM-P06,RTA-BA-01-PE-01-CAM,6,2026-08-12T21:00:00,HUB-BA-01,HUB-PE-01,HUB-PE-01,Caminhão,CostaBrava Log,-9.741163,-35.931796,600.0,Ativa
RTA-BA-01-PE-01-CAM-P07,RTA-BA-01-PE-01-CAM,7,2026-08-13T00:00:00,HUB-BA-01,HUB-PE-01,HUB-PE-01,Caminhão,CostaBrava Log,-9.07048,-35.449826,720.0,Ativa
RTA-BA-01-PE-01-CAM-P08,RTA-BA-01-PE-01-CAM,8,2026-08-13T03:00:00,HUB-BA-01,HUB-PE-01,HUB-PE-01,Caminhão,CostaBrava Log,-8.3956,-34.9733,840.0,Ativa
RTA-PE-01-CE-01-CAM-P01,RTA-PE-01-CE-01-CAM,1,2026-08-12T06:00:00,HUB-PE-01,HUB-CE-01,HUB-PE-01,Caminhão,CostaBrava Log,-8.3956,-34.9733,0.0,Ativa
RTA-PE-01-CE-01-CAM-P02,RTA-PE-01-CE-01-CAM,2,2026-08-12T08:51:25,HUB-PE-01,HUB-CE-01,HUB-PE-01,Caminhão,CostaBrava Log,-7.7062,-35.455706,114.3,Ativa
RTA-PE-01-CE-01-CAM-P03,RTA-PE-01-CE-01-CAM,3,2026-08-12T11:42:51,HUB-PE-01,HUB-CE-01,HUB-PE-01,Caminhão,CostaBrava Log,-7.020971,-35.943577,228.6,Ativa
RTA-PE-01-CE-01-CAM-P04,RTA-PE-01-CE-01-CAM,4,2026-08-12T14:34:17,HUB-PE-01,HUB-CE-01,HUB-PE-01,Caminhão,CostaBrava Log,-6.343257,-36.441296,342.9,Ativa
RTA-PE-01-CE-01-CAM-P05,RTA-PE-01-CE-01-CAM,5,2026-08-12T17:25:42,HUB-PE-01,HUB-CE-01,HUB-CE-01,Caminhão,CostaBrava Log,-5.674915,-36.951296,457.1,Ativa
RTA-PE-01-CE-01-CAM-P06,RTA-PE-01-CE-01-CAM,6,2026-08-12T20:17:08,HUB-PE-01,HUB-CE-01,HUB-CE-01,Caminhão,CostaBrava Log,-5.015943,-37.473577,571.4,Ativa
RTA-PE-01-CE-01-CAM-P07,RTA-PE-01-CE-01-CAM,7,2026-08-12T23:08:34,HUB-PE-01,HUB-CE-01,HUB-CE-01,Caminhão,CostaBrava Log,-4.364486,-38.005706,685.7,Ativa
RTA-PE-01-CE-01-CAM-P08,RTA-PE-01-CE-01-CAM,8,2026-08-13T02:00:00,HUB-PE-01,HUB-CE-01,HUB-CE-01,Caminhão,CostaBrava Log,-3.7172,-38.5433,800.0,Ativa
RTA-RJ-01-BA-01-CAB-P01,RTA-RJ-01-BA-01-CAB,1,2026-08-12T06:00:00,HUB-RJ-01,HUB-BA-01,HUB-RJ-01,Cabotagem,VerdeMar Shipping,-22.9068,-43.1729,0.0,Ativa
RTA-RJ-01-BA-01-CAB-P02,RTA-RJ-01-BA-01-CAB,2,2026-08-12T13:20:00,HUB-RJ-01,HUB-BA-01,HUB-RJ-01,Cabotagem,VerdeMar Shipping,-21.814509,-42.629083,133.3,Ativa
RTA-RJ-01-BA-01-CAB-P03,RTA-RJ-01-BA-01-CAB,3,2026-08-12T20:40:00,HUB-RJ-01,HUB-BA-01,HUB-RJ-01,Cabotagem,VerdeMar Shipping,-20.720814,-42.088253,266.7,Ativa
RTA-RJ-01-BA-01-CAB-P04,RTA-RJ-01-BA-01-CAB,4,2026-08-13T04:00:00,HUB-RJ-01,HUB-BA-01,HUB-RJ-01,Cabotagem,VerdeMar Shipping,-19.62448,-41.553036,400.0,Ativa
RTA-RJ-01-BA-01-CAB-P05,RTA-RJ-01-BA-01-CAB,5,2026-08-13T11:20:00,HUB-RJ-01,HUB-BA-01,HUB-RJ-01,Cabotagem,VerdeMar Shipping,-18.52459,-41.025381,533.3,Ativa
RTA-RJ-01-BA-01-CAB-P06,RTA-RJ-01-BA-01-CAB,6,2026-08-13T18:40:00,HUB-RJ-01,HUB-BA-01,HUB-BA-01,Cabotagem,VerdeMar Shipping,-17.420656,-40.506325,666.7,Ativa
RTA-RJ-01-BA-01-CAB-P07,RTA-RJ-01-BA-01-CAB,7,2026-08-14T02:00:00,HUB-RJ-01,HUB-BA-01,HUB-BA-01,Cabotagem,VerdeMar Shipping,-16.31268,-39.995869,800.0,Ativa
RTA-RJ-01-BA-01-CAB-P08,RTA-RJ-01-BA-01-CAB,8,2026-08-14T09:20:00,HUB-RJ-01,HUB-BA-01,HUB-BA-01,Cabotagem,VerdeMar Shipping,-15.201147,-39.492975,933.3,Ativa
RTA-RJ-01-BA-01-CAB-P09,RTA-RJ-01-BA-01-CAB,9,2026-08-14T16:40:00,HUB-RJ-01,HUB-BA-01,HUB-BA-01,Cabotagem,VerdeMar Shipping,-14.086976,-38.995694,1066.7,Ativa
RTA-RJ-01-BA-01-CAB-P10,RTA-RJ-01-BA-01-CAB,10,2026-08-15T00:00:00,HUB-RJ-01,HUB-BA-01,HUB-BA-01,Cabotagem,VerdeMar Shipping,-12.9714,-38.5014,1200.0,Ativa
RTA-MG-01-GO-01-CAM-P01,RTA-MG-01-GO-01-CAM,1,2026-08-12T06:00:00,HUB-MG-01,HUB-GO-01,HUB-MG-01,Caminhão,SerraSul Cargas,-19.9167,-43.9345,0.0,Ativa
RTA-MG-01-GO-01-CAM-P02,RTA-MG-01-GO-01-CAM,2,2026-08-12T08:38:34,HUB-MG-01,HUB-GO-01,HUB-MG-01,Caminhão,SerraSul Cargas,-19.375807,-44.631297,105.7,Ativa
RTA-MG-01-GO-01-CAM-P03,RTA-MG-01-GO-01-CAM,3,2026-08-12T11:17:08,HUB-MG-01,HUB-GO-01,HUB-MG-01,Caminhão,SerraSul Cargas,-18.840507,-45.332092,211.4,Ativa
RTA-MG-01-GO-01-CAM-P04,RTA-MG-01-GO-01-CAM,4,2026-08-12T13:55:42,HUB-MG-01,HUB-GO-01,HUB-MG-01,Caminhão,SerraSul Cargas,-18.315284,-46.040093,317.1,Ativa
RTA-MG-01-GO-01-CAM-P05,RTA-MG-01-GO-01-CAM,5,2026-08-12T16:34:17,HUB-MG-01,HUB-GO-01,HUB-GO-01,Caminhão,SerraSul Cargas,-17.802627,-46.757079,422.9,Ativa
RTA-MG-01-GO-01-CAM-P06,RTA-MG-01-GO-01-CAM,6,2026-08-12T19:12:51,HUB-MG-01,HUB-GO-01,HUB-GO-01,Caminhão,SerraSul Cargas,-17.302536,-47.48305,528.6,Ativa
RTA-MG-01-GO-01-CAM-P07,RTA-MG-01-GO-01-CAM,7,2026-08-12T21:51:25,HUB-MG-01,HUB-GO-01,HUB-GO-01,Caminhão,SerraSul Cargas,-16.812522,-48.216225,634.3,Ativa
RTA-MG-01-GO-01-CAM-P08,RTA-MG-01-GO-01-CAM,8,2026-08-13T00:30:00,HUB-MG-01,HUB-GO-01,HUB-GO-01,Caminhão,SerraSul Cargas,-16.3281,-48.9534,740.0,Ativa
RTA-DF-01-SP-01-CAM-P01,RTA-DF-01-SP-01-CAM,1,2026-08-12T06:00:00,HUB-DF-01,HUB-SP-01,HUB-DF-01,Caminhão,Atlântica Cargo,-15.7939,-47.8828,0.0,Ativa
RTA-DF-01-SP-01-CAM-P02,RTA-DF-01-SP-01-CAM,2,2026-08-12T09:36:25,HUB-DF-01,HUB-SP-01,HUB-DF-01,Caminhão,Atlântica Cargo,-16.894251,-47.724199,144.3,Ativa
RTA-DF-01-SP-01-CAM-P03,RTA-DF-01-SP-01-CAM,3,2026-08-12T13:12:51,HUB-DF-01,HUB-SP-01,HUB-DF-01,Caminhão,Atlântica Cargo,-17.993409,-47.558827,288.6,Ativa
RTA-DF-01-SP-01-CAM-P04,RTA-DF-01-SP-01-CAM,4,2026-08-12T16:49:17,HUB-DF-01,HUB-SP-01,HUB-DF-01,Caminhão,Atlântica Cargo,-19.090417,-47.381254,432.9,Ativa
RTA-DF-01-SP-01-CAM-P05,RTA-DF-01-SP-01-CAM,5,2026-08-12T20:25:42,HUB-DF-01,HUB-SP-01,HUB-SP-01,Caminhão,Atlântica Cargo,-20.184746,-47.188469,577.1,Ativa
RTA-DF-01-SP-01-CAM-P06,RTA-DF-01-SP-01-CAM,6,2026-08-13T00:02:08,HUB-DF-01,HUB-SP-01,HUB-SP-01,Caminhão,Atlântica Cargo,-21.276394,-46.980469,721.4,Ativa
RTA-DF-01-SP-01-CAM-P07,RTA-DF-01-SP-01-CAM,7,2026-08-13T03:38:34,HUB-DF-01,HUB-SP-01,HUB-SP-01,Caminhão,Atlântica Cargo,-22.365894,-46.76027,865.7,Ativa
RTA-DF-01-SP-01-CAM-P08,RTA-DF-01-SP-01-CAM,8,2026-08-13T07:15:00,HUB-DF-01,HUB-SP-01,HUB-SP-01,Caminhão,Atlântica Cargo,-23.4542,-46.5333,1010.0,Ativa
RTA-AM-01-MT-01-BAL-P01,RTA-AM-01-MT-01-BAL,1,2026-08-12T06:00:00,HUB-AM-01,HUB-MT-01,HUB-AM-01,Balsa,RioNorte Express,-3.119,-60.0217,0.0,Ativa
RTA-AM-01-MT-01-BAL-P02,RTA-AM-01-MT-01-BAL,2,2026-08-12T17:36:40,HUB-AM-01,HUB-MT-01,HUB-AM-01,Balsa,RioNorte Express,-4.524395,-59.644453,211.1,Ativa
RTA-AM-01-MT-01-BAL-P03,RTA-AM-01-MT-01-BAL,3,2026-08-13T05:13:20,HUB-AM-01,HUB-MT-01,HUB-AM-01,Balsa,RioNorte Express,-5.927563,-59.260121,422.2,Ativa
RTA-AM-01-MT-01-BAL-P04,RTA-AM-01-MT-01-BAL,4,2026-08-13T16:50:00,HUB-AM-01,HUB-MT-01,HUB-AM-01,Balsa,RioNorte Express,-7.326547,-58.862477,633.3,Ativa
RTA-AM-01-MT-01-BAL-P05,RTA-AM-01-MT-01-BAL,5,2026-08-14T04:26:40,HUB-AM-01,HUB-MT-01,HUB-AM-01,Balsa,RioNorte Express,-8.719892,-58.446896,844.4,Ativa
RTA-AM-01-MT-01-BAL-P06,RTA-AM-01-MT-01-BAL,6,2026-08-14T16:03:20,HUB-AM-01,HUB-MT-01,HUB-MT-01,Balsa,RioNorte Express,-10.106825,-58.010918,1055.6,Ativa
RTA-AM-01-MT-01-BAL-P07,RTA-AM-01-MT-01-BAL,7,2026-08-15T03:40:00,HUB-AM-01,HUB-MT-01,HUB-MT-01,Balsa,RioNorte Express,-11.487347,-57.554544,1266.7,Ativa
RTA-AM-01-MT-01-BAL-P08,RTA-AM-01-MT-01-BAL,8,2026-08-15T15:16:40,HUB-AM-01,HUB-MT-01,HUB-MT-01,Balsa,RioNorte Express,-12.86223,-57.080232,1477.8,Ativa
RTA-AM-01-MT-01-BAL-P09,RTA-AM-01-MT-01-BAL,9,2026-08-16T02:53:20,HUB-AM-01,HUB-MT-01,HUB-MT-01,Balsa,RioNorte Express,-14.232928,-56.592608,1688.9,Ativa
RTA-AM-01-MT-01-BAL-P10,RTA-AM-01-MT-01-BAL,10,2026-08-16T14:30:00,HUB-AM-01,HUB-MT-01,HUB-MT-01,Balsa,RioNorte Express,-15.6014,-56.0979,1900.0,Ativa
RTA-SP-01-PR-01-CAM-P01,RTA-SP-01-PR-01-CAM,1,2026-08-12T06:00:00,HUB-SP-01,HUB-PR-01,HUB-SP-01,Caminhão,Atlântica Cargo,-23.4542,-46.5333,0.0,Ativa
RTA-SP-01-PR-01-CAM-P02,RTA-SP-01-PR-01-CAM,2,2026-08-12T07:27:51,HUB-SP-01,HUB-PR-01,HUB-SP-01,Caminhão,Atlântica Cargo,-23.708066,-46.94502,58.6,Ativa
RTA-SP-01-PR-01-CAM-P03,RTA-SP-01-PR-01-CAM,3,2026-08-12T08:55:42,HUB-SP-01,HUB-PR-01,HUB-SP-01,Caminhão,Atlântica Cargo,-23.967511,-47.35272,117.1,Ativa
RTA-SP-01-PR-01-CAM-P04,RTA-SP-01-PR-01-CAM,4,2026-08-12T10:23:34,HUB-SP-01,HUB-PR-01,HUB-SP-01,Caminhão,Atlântica Cargo,-24.237006,-47.753179,175.7,Ativa
RTA-SP-01-PR-01-CAM-P05,RTA-SP-01-PR-01-CAM,5,2026-08-12T11:51:25,HUB-SP-01,HUB-PR-01,HUB-PR-01,Caminhão,Atlântica Cargo,-24.519035,-48.144608,234.3,Ativa
RTA-SP-01-PR-01-CAM-P06,RTA-SP-01-PR-01-CAM,6,2026-08-12T13:19:17,HUB-SP-01,HUB-PR-01,HUB-PR-01,Caminhão,Atlântica Cargo,-24.813597,-48.527006,292.9,Ativa
RTA-SP-01-PR-01-CAM-P07,RTA-SP-01-PR-01-CAM,7,2026-08-12T14:47:08,HUB-SP-01,HUB-PR-01,HUB-PR-01,Caminhão,Atlântica Cargo,-25.118209,-48.902163,351.4,Ativa
RTA-SP-01-PR-01-CAM-P08,RTA-SP-01-PR-01-CAM,8,2026-08-12T16:15:00,HUB-SP-01,HUB-PR-01,HUB-PR-01,Caminhão,Atlântica Cargo,-25.4284,-49.2733,410.0,Ativa
